token,s_color,s_blur,s_contrast,s_visibility_proxy,q_quality
s_color,1.0,0.9949080339030743,0.9938045746933106,0.9953287442581994,0.9953690703111415
s_blur,0.9949080339030743,1.0,0.9961627166286419,0.9952593019865565,0.9968683768856202
s_contrast,0.9938045746933106,0.9961627166286419,1.0,0.9954799620788498,0.997315765489278
s_visibility_proxy,0.9953287442581994,0.9952593019865565,0.9954799620788498,1.0,0.9952655821865982
q_quality,0.9953690703111415,0.9968683768856202,0.997315765489278,0.9952655821865982,1.0
